{
  "initialization_time_planning": 0.11704182624816895,
  "execution_time_planning": 123.16318273544312,
  "total_time": 123.28022456169128
}