{
  "initialization_time_planning": 0.15551352500915527,
  "execution_time_planning": 120.17506670951843,
  "total_time": 120.33058023452759
}