{
  "initialization_time_control": 0.14401769638061523,
  "execution_time_control": 170.9413022994995,
  "total_time": 171.08531999588013
}