{
  "initialization_time_control": 0.14100980758666992,
  "execution_time_control": 127.93539667129517,
  "total_time": 128.07640647888184
}