{
  "initialization_time_control": 0.13932108879089355,
  "execution_time_control": 103.59525465965271,
  "total_time": 103.7345757484436
}