{
  "initialization_time_control": 0.14785385131835938,
  "execution_time_control": 86.89118099212646,
  "total_time": 87.03903484344482
}