{
  "initialization_time_control": 0.14394450187683105,
  "execution_time_control": 58.621296405792236,
  "total_time": 58.76524090766907
}