{
  "initialization_time_control": 0.1409924030303955,
  "execution_time_control": 103.32572865486145,
  "total_time": 103.46672105789185
}