{
  "initialization_time_control": 0.14427924156188965,
  "execution_time_control": 87.6115152835846,
  "total_time": 87.75579452514648
}