{
  "initialization_time_control": 0.1407935619354248,
  "execution_time_control": 139.5999083518982,
  "total_time": 139.74070191383362
}