{
  "initialization_time_control": 0.13989043235778809,
  "execution_time_control": 228.08667755126953,
  "total_time": 228.22656798362732
}