{
  "initialization_time_control": 0.5789892673492432,
  "execution_time_control": 150.26269841194153,
  "total_time": 150.84168767929077
}