{
  "initialization_time_control": 0.147613525390625,
  "execution_time_control": 134.4329617023468,
  "total_time": 134.58057522773743
}