{
  "initialization_time_control": 0.1424093246459961,
  "execution_time_control": 100.2828938961029,
  "total_time": 100.4253032207489
}