{
  "initialization_time_control": 0.1410839557647705,
  "execution_time_control": 76.47323250770569,
  "total_time": 76.61431646347046
}