{
  "initialization_time_control": 0.13976120948791504,
  "execution_time_control": 411.3584244251251,
  "total_time": 411.49818563461304
}