{
  "initialization_time_control": 0.14660120010375977,
  "execution_time_control": 88.04125809669495,
  "total_time": 88.1878592967987
}