{
  "initialization_time_control": 0.14031767845153809,
  "execution_time_control": 91.74611830711365,
  "total_time": 91.88643598556519
}