{
  "initialization_time_control": 0.14516425132751465,
  "execution_time_control": 79.08521962165833,
  "total_time": 79.23038387298584
}