{
  "initialization_time_control": 0.1422426700592041,
  "execution_time_control": 84.66778683662415,
  "total_time": 84.81002950668335
}