{
  "initialization_time_control": 0.1411585807800293,
  "execution_time_control": 201.12898135185242,
  "total_time": 201.27013993263245
}