{
  "initialization_time_control": 0.14223480224609375,
  "execution_time_control": 63.991995096206665,
  "total_time": 64.13422989845276
}