{
  "initialization_time_control": 0.10003447532653809,
  "execution_time_control": 226.59208393096924,
  "total_time": 226.69211840629578
}