{
  "initialization_time_control": 0.1391587257385254,
  "execution_time_control": 132.40161895751953,
  "total_time": 132.54077768325806
}