{
  "initialization_time_control": 0.1410360336303711,
  "execution_time_control": 86.3789746761322,
  "total_time": 86.52001070976257
}