{
  "initialization_time_control": 0.14005064964294434,
  "execution_time_control": 73.50508522987366,
  "total_time": 73.6451358795166
}