{
  "initialization_time_control": 0.13974308967590332,
  "execution_time_control": 247.21937322616577,
  "total_time": 247.35911631584167
}