{
  "initialization_time_control": 0.1390836238861084,
  "execution_time_control": 51.283236265182495,
  "total_time": 51.4223198890686
}