{
  "initialization_time_control": 0.13866066932678223,
  "execution_time_control": 30.04456067085266,
  "total_time": 30.183221340179443
}