{
  "initialization_time_planning": 1.6972615718841553,
  "execution_time_planning": 104.71506714820862,
  "total_time": 106.41232872009277
}