{
  "initialization_time_planning": 0.279632568359375,
  "execution_time_planning": 116.09665012359619,
  "total_time": 116.37628269195557
}