{
  "initialization_time_control": 0.14030718803405762,
  "execution_time_control": 86.04946398735046,
  "total_time": 86.18977117538452
}