{
  "initialization_time_control": 0.1398169994354248,
  "execution_time_control": 131.54385209083557,
  "total_time": 131.683669090271
}