{
  "initialization_time_control": 0.13930225372314453,
  "execution_time_control": 113.91564893722534,
  "total_time": 114.05495119094849
}