{
  "initialization_time_control": 0.1385648250579834,
  "execution_time_control": 270.7178454399109,
  "total_time": 270.8564102649689
}