{
  "initialization_time_control": 0.1407172679901123,
  "execution_time_control": 347.08728313446045,
  "total_time": 347.22800040245056
}