{
  "initialization_time_control": 0.13861894607543945,
  "execution_time_control": 61.97229266166687,
  "total_time": 62.11091160774231
}