{
  "initialization_time_control": 0.13894152641296387,
  "execution_time_control": 64.16114330291748,
  "total_time": 64.30008482933044
}