{
  "initialization_time_planning": 0.16112732887268066,
  "execution_time_planning": 96.62002968788147,
  "total_time": 96.78115701675415
}