{
  "initialization_time_control": 0.14019393920898438,
  "execution_time_control": 124.91021299362183,
  "total_time": 125.05040693283081
}