{
  "initialization_time_control": 0.13944363594055176,
  "execution_time_control": 59.354209899902344,
  "total_time": 59.493653535842896
}