{
  "initialization_time_control": 0.13869929313659668,
  "execution_time_control": 87.95945692062378,
  "total_time": 88.09815621376038
}