{
  "initialization_time_control": 0.13921451568603516,
  "execution_time_control": 774.0778615474701,
  "total_time": 774.2170760631561
}