{
  "initialization_time_control": 0.1518232822418213,
  "execution_time_control": 259.6236934661865,
  "total_time": 259.77551674842834
}