{
  "initialization_time_control": 0.14248275756835938,
  "execution_time_control": 80.93551898002625,
  "total_time": 81.0780017375946
}