{
  "initialization_time_control": 0.14100241661071777,
  "execution_time_control": 101.20844507217407,
  "total_time": 101.34944748878479
}