{
  "initialization_time_planning": 0.16105008125305176,
  "execution_time_planning": 101.10344743728638,
  "total_time": 101.26449751853943
}