{
  "initialization_time_control": 0.142014741897583,
  "execution_time_control": 81.65303468704224,
  "total_time": 81.79504942893982
}