{
  "initialization_time_control": 0.1414196491241455,
  "execution_time_control": 167.1716411113739,
  "total_time": 167.31306076049805
}