{
  "initialization_time_control": 0.13830304145812988,
  "execution_time_control": 247.97141575813293,
  "total_time": 248.10971879959106
}