{
  "initialization_time_control": 0.1404094696044922,
  "execution_time_control": 118.73972725868225,
  "total_time": 118.88013672828674
}