{
  "initialization_time_control": 0.14195036888122559,
  "execution_time_control": 84.52108073234558,
  "total_time": 84.6630311012268
}