{
  "initialization_time_control": 0.14148974418640137,
  "execution_time_control": 122.09804081916809,
  "total_time": 122.23953056335449
}