{
  "initialization_time_control": 0.10418152809143066,
  "execution_time_control": 320.02638363838196,
  "total_time": 320.1305651664734
}