{
  "initialization_time_planning": 0.16091513633728027,
  "execution_time_planning": 113.41535210609436,
  "total_time": 113.57626724243164
}